mean_fit_time,std_fit_time,mean_score_time,std_score_time,param_C,param_gamma,params,split0_test_Akurasi,split1_test_Akurasi,split2_test_Akurasi,split3_test_Akurasi,split4_test_Akurasi,split5_test_Akurasi,split6_test_Akurasi,split7_test_Akurasi,split8_test_Akurasi,split9_test_Akurasi,mean_test_Akurasi,std_test_Akurasi,rank_test_Akurasi,split0_train_Akurasi,split1_train_Akurasi,split2_train_Akurasi,split3_train_Akurasi,split4_train_Akurasi,split5_train_Akurasi,split6_train_Akurasi,split7_train_Akurasi,split8_train_Akurasi,split9_train_Akurasi,mean_train_Akurasi,std_train_Akurasi,split0_test_Precision,split1_test_Precision,split2_test_Precision,split3_test_Precision,split4_test_Precision,split5_test_Precision,split6_test_Precision,split7_test_Precision,split8_test_Precision,split9_test_Precision,mean_test_Precision,std_test_Precision,rank_test_Precision,split0_train_Precision,split1_train_Precision,split2_train_Precision,split3_train_Precision,split4_train_Precision,split5_train_Precision,split6_train_Precision,split7_train_Precision,split8_train_Precision,split9_train_Precision,mean_train_Precision,std_train_Precision,split0_test_Recall,split1_test_Recall,split2_test_Recall,split3_test_Recall,split4_test_Recall,split5_test_Recall,split6_test_Recall,split7_test_Recall,split8_test_Recall,split9_test_Recall,mean_test_Recall,std_test_Recall,rank_test_Recall,split0_train_Recall,split1_train_Recall,split2_train_Recall,split3_train_Recall,split4_train_Recall,split5_train_Recall,split6_train_Recall,split7_train_Recall,split8_train_Recall,split9_train_Recall,mean_train_Recall,std_train_Recall,split0_test_F1-score,split1_test_F1-score,split2_test_F1-score,split3_test_F1-score,split4_test_F1-score,split5_test_F1-score,split6_test_F1-score,split7_test_F1-score,split8_test_F1-score,split9_test_F1-score,mean_test_F1-score,std_test_F1-score,rank_test_F1-score,split0_train_F1-score,split1_train_F1-score,split2_train_F1-score,split3_train_F1-score,split4_train_F1-score,split5_train_F1-score,split6_train_F1-score,split7_train_F1-score,split8_train_F1-score,split9_train_F1-score,mean_train_F1-score,std_train_F1-score
2.0432689666748045,0.10681634403556316,0.1671090841293335,0.018332170650240297,0.01,0.01,"{'C': 0.01, 'gamma': 0.01}",0.551948051948052,0.5714285714285714,0.5746753246753247,0.5292207792207793,0.5584415584415584,0.564935064935065,0.5714285714285714,0.551948051948052,0.4592833876221498,0.4364820846905538,0.5369791446338678,0.046563198998933596,29,0.5512635379061371,0.5620938628158845,0.5534296028880866,0.5563176895306859,0.5512635379061371,0.5548736462093863,0.5498194945848376,0.5545126353790614,0.47275351858534825,0.47275351858534825,0.5379081044390912,0.032737100112622375,0.45393695869420386,0.5127494500314268,0.48682034611597447,0.4316906873614191,0.4638996573744913,0.47665371859524786,0.47196833930704896,0.4622947277441659,0.35948977823977823,0.4929440703441061,0.4612447733807863,0.03994145156307069,32,0.44887081192392897,0.5008159577029446,0.4670010092419006,0.4667594740215065,0.44850470068966963,0.4733046096987691,0.44815983121597647,0.4660958464902365,0.38356749946574314,0.5970129750148823,0.47000927154655575,0.05097414700419429,0.551948051948052,0.5714285714285714,0.5746753246753247,0.5292207792207793,0.5584415584415584,0.564935064935065,0.5714285714285714,0.551948051948052,0.4587747778537252,0.4353212576896788,0.5368122009569378,0.04689882253830777,29,0.5513010993502323,0.5621392496392497,0.5534687294080358,0.5563589028184404,0.5513010993502323,0.5549132947976878,0.54985601264503,0.5545525444369375,0.47258297258297255,0.4727028751595226,0.5379176780188341,0.03279713140917673,0.4615205399664234,0.5041605889693846,0.5004515846304052,0.4494334686235408,0.46487919510262504,0.48771241714590274,0.4875385772997418,0.4679090601757945,0.37341653572811806,0.3644473814076862,0.45614693490496216,0.046681582154776656,29,0.46435490548692343,0.4921729238796212,0.4728250612770901,0.474547876929452,0.4645580535796153,0.47686376717749274,0.4625335091612534,0.4740493299301223,0.3875177252399664,0.4106367394056416,0.45800598920671787,0.030967403586908485
1.842100167274475,0.11837388533219885,0.1739152193069458,0.028577107960930995,0.01,0.1,"{'C': 0.01, 'gamma': 0.1}",0.6136363636363636,0.685064935064935,0.6623376623376623,0.6103896103896104,0.6071428571428571,0.6038961038961039,0.6331168831168831,0.6298701298701299,0.5798045602605864,0.5895765472312704,0.6214835652946402,0.030613955569910947,25,0.6332129963898917,0.6418772563176895,0.6389891696750902,0.6350180505415163,0.636101083032491,0.6429602888086643,0.6375451263537906,0.636101083032491,0.5766871165644172,0.5654998195597257,0.6243991990275768,0.02691759668669677,0.7854263166924,0.5708669354838709,0.5652905589638718,0.5472222222222223,0.536685288640596,0.5265522875816994,0.5382452414661003,0.5534243697478991,0.5681089743589743,0.7129583333333334,0.5904780528490967,0.08214505461305258,29,0.5566154679759377,0.7974998175304724,0.7965512193398251,0.6790436927307202,0.6811625690109705,0.8024642847553684,0.8022412590369087,0.8021467943138961,0.5688999847865486,0.7076240119429927,0.719424910142364,0.09221699003656782,0.6136363636363636,0.685064935064935,0.6623376623376623,0.6103896103896104,0.6071428571428571,0.6038961038961039,0.6331168831168832,0.6298701298701299,0.5794172932330827,0.5900974025974026,0.621496924128503,0.030613079171278975,25,0.6333452193278784,0.6420188674523934,0.6391286940419888,0.6351520990249314,0.6362364353693833,0.6430990332724437,0.6376804794434852,0.6362343501071825,0.5764790764790765,0.565335956593182,0.6244710211111946,0.02704456917704066,0.5512565124118909,0.6076672889669814,0.5913199105145414,0.5480389516395201,0.5414165614688531,0.5402548705268592,0.5621415770609319,0.5624255109199257,0.522035733036009,0.5608281606872846,0.5587385077232797,0.02375787039038481,25,0.566562368583634,0.5719264901176327,0.5695080651120595,0.5681418531548783,0.5696650665026013,0.5738809103264619,0.5697386310032403,0.5687187626781937,0.5177038043087725,0.5359072130157703,0.5611753164803244,0.017761099987613382
2.028819942474365,0.09253961891116834,0.17171921730041503,0.020850032420007183,0.01,1,"{'C': 0.01, 'gamma': 1}",0.37012987012987014,0.39285714285714285,0.39935064935064934,0.37987012987012986,0.4090909090909091,0.37662337662337664,0.4090909090909091,0.36688311688311687,0.4560260586319218,0.48859934853420195,0.4048521511062228,0.037297040393759695,31,0.3935018050541516,0.39097472924187726,0.39025270758122743,0.3924187725631769,0.3891696750902527,0.3927797833935018,0.3891696750902527,0.3938628158844765,0.44785276073619634,0.7058823529411765,0.42858650775762897,0.0939588055979363,0.5710332103321033,0.5729166666666667,0.5522435897435898,0.5718283582089552,0.5589874031007752,0.5503277153558053,0.5743243243243243,0.5707720588235294,0.5788934426229508,0.45980176211453744,0.5561128531293238,0.03339160952831769,30,0.5665745385606714,0.5663596525383532,0.5683715756255705,0.5661476419849893,0.5680542128355768,0.5685860486577483,0.5660439405139801,0.5664976049591435,0.5699981965734896,0.6044768611670019,0.5711110273416525,0.011191474475428217,0.37012987012987014,0.39285714285714285,0.39935064935064934,0.3798701298701299,0.40909090909090906,0.37662337662337664,0.40909090909090906,0.3668831168831169,0.455228981544771,0.487312030075188,0.4046437115516063,0.03689898717712864,31,0.3936380735513684,0.39111282102611583,0.3903913203046151,0.39255269457581593,0.38930646264461294,0.39291657282986764,0.38930750527571334,0.39399778128101826,0.4476911976911977,0.7056277056277056,0.428654213480803,0.09383721712566302,0.2979111405835544,0.32352764332742084,0.33384943212413276,0.31642758946301364,0.3487236875778041,0.3090553219182472,0.34609759095378567,0.2965427977716158,0.3964103454754383,0.3963028565002249,0.33648484056952377,0.03438641996641877,31,0.32964148739002297,0.32682461311007577,0.32566157288836395,0.3274230093593681,0.3240322920335212,0.32848869689113325,0.3243124540392821,0.32970476202795174,0.3837213599164646,0.6298211756432336,0.36296314232994165,0.09056436480010097
2.1331791162490843,0.1025523280222194,0.18258292675018312,0.04679333536000794,0.01,10,"{'C': 0.01, 'gamma': 10}",0.32142857142857145,0.32792207792207795,0.33116883116883117,0.33116883116883117,0.33116883116883117,0.31493506493506496,0.33116883116883117,0.31493506493506496,0.43973941368078173,0.44299674267100975,0.34866322602478955,0.046760024660899915,32,0.32743682310469313,0.3267148014440433,0.3263537906137184,0.3263537906137184,0.3263537906137184,0.32815884476534296,0.3263537906137184,0.32815884476534296,0.4326957776975821,0.6762901479610249,0.3724870402192903,0.1060608905053711,0.5673076923076923,0.567781690140845,0.5426156583629893,0.5680212014134276,0.5490316421167485,0.5351835664335665,0.5680212014134276,0.5668402777777778,0.5773092369477912,0.40159734779987943,0.5443709514714145,0.049270822730132766,31,0.5588235294117647,0.5589733542319749,0.5615884280762974,0.5583083083083082,0.561291111981206,0.5618627450980392,0.5586389961389961,0.5588766275741066,0.5673684749894823,0.5945340002893456,0.5640265576099521,0.010492063826859879,0.32142857142857145,0.32792207792207795,0.33116883116883117,0.33116883116883117,0.33116883116883117,0.31493506493506496,0.33116883116883117,0.31493506493506496,0.43878161312371844,0.4417293233082707,0.34844070403280936,0.04631786020382321,32,0.3276030328053449,0.3268825747149447,0.32652078172309384,0.326518696460893,0.326518696460893,0.3283255761579461,0.3265202604075436,0.32832453352684565,0.43253968253968256,0.676046176046176,0.3725800010843364,0.10592511727605365,0.23004250651309477,0.23752961986449955,0.24829492124257613,0.24658239700374535,0.24613122872175797,0.22278274310359872,0.2452915312161374,0.21995400592128495,0.3708326793460582,0.3537676462919507,0.2621209279224704,0.05113528039558315,32,0.24070458461803043,0.23975575221384454,0.2386639776667296,0.23879673077102537,0.23882933075327878,0.2415023110480826,0.23901660762791288,0.24177865473046195,0.3589980393836588,0.6030402207460657,0.28810862095590906,0.1108268415776923
1.5825636625289916,0.07423199900307509,0.1588061809539795,0.027722450729718535,0.05,0.01,"{'C': 0.05, 'gamma': 0.01}",0.5811688311688312,0.6785714285714286,0.6201298701298701,0.5487012987012987,0.6103896103896104,0.5487012987012987,0.5941558441558441,0.5584415584415584,0.5667752442996743,0.5928338762214984,0.5899868860780914,0.03770705893090084,26,0.5898916967509025,0.6379061371841155,0.615884476534296,0.5794223826714802,0.6119133574007221,0.5610108303249097,0.5859205776173285,0.5978339350180505,0.5701912666907254,0.6070010826416457,0.5956975742834175,0.021982448540419305,0.7454049371026983,0.7707342657342657,0.6845508658008658,0.6211071047654032,0.7137888198757765,0.7401444788441692,0.7146286231884058,0.7487978142076503,0.6616758241758242,0.671482236575161,0.7072314970270221,0.044366319592878185,26,0.7160636748531191,0.7305378073979736,0.7286435910280816,0.702309954318652,0.7208150708776241,0.7108437433581873,0.7152198471494068,0.7178424114899675,0.6682025498495711,0.7265172270627724,0.7136995877385355,0.017189223345449336,0.5811688311688311,0.6785714285714286,0.6201298701298701,0.5487012987012987,0.6103896103896104,0.5487012987012987,0.5941558441558441,0.5584415584415585,0.5664302802460697,0.5912081339712918,0.5897898154477101,0.03771916491873376,26,0.589673573055076,0.6376961189099917,0.6156512482379535,0.5791961731268089,0.6116783024297474,0.5608088523550951,0.5857001059313198,0.597619985987038,0.5699959962965744,0.6069510130203771,0.5954971369349982,0.021985614749573494,0.5551894816894817,0.6630444895671137,0.57704784903267,0.49717633328982935,0.5694110697264608,0.5306787766056389,0.5564128391082459,0.5373287557729397,0.5207683228216502,0.5469916990011034,0.5554049616615134,0.04225056473078361,26,0.5585418489944087,0.6199074054266189,0.5814847913349508,0.5382327393323667,0.5730916167126318,0.5354421433194513,0.5539524386301213,0.570719447643843,0.520160733494853,0.5600787772629019,0.5611611942152147,0.026506756262618468
1.1541223049163818,0.04589963260014707,0.13251469135284424,0.010159684225826734,0.05,0.1,"{'C': 0.05, 'gamma': 0.1}",0.7532467532467533,0.7532467532467533,0.7727272727272727,0.6785714285714286,0.7402597402597403,0.724025974025974,0.7532467532467533,0.724025974025974,0.758957654723127,0.7361563517915309,0.7394464655865308,0.025004963427256912,15,0.7545126353790613,0.7563176895306859,0.7570397111913357,0.7509025270758123,0.7505415162454874,0.7516245487364621,0.7592057761732852,0.7469314079422382,0.7466618549260194,0.7423312883435583,0.7516068955543946,0.005018718524071576,0.7646122012188532,0.7540808878899868,0.7837570818240922,0.7047520436093606,0.7518090296044766,0.7379201680672268,0.7539944167260633,0.7421500792097661,0.7730681567531799,0.7581021382512627,0.7524246203154268,0.02045203269545334,24,0.7654325937449049,0.7659441341197103,0.7658594101327126,0.7624768370542261,0.7620310633307865,0.7619702264294382,0.7694335294747201,0.7591669314557746,0.7578665462926435,0.7546988550774422,0.7624880127112358,0.00416842171345702,0.7532467532467533,0.7532467532467532,0.7727272727272727,0.6785714285714286,0.7402597402597403,0.724025974025974,0.7532467532467533,0.724025974025974,0.7589712918660287,0.7362012987012987,0.7394523239917977,0.025005439839812717,15,0.7545182418737332,0.7563230363085854,0.7570518354477892,0.7508940561686226,0.7505442534344268,0.7516280684633285,0.7592132097189901,0.7469315366714211,0.7466568033764566,0.7423304056252034,0.7516091447088558,0.005022695603447351,0.7482149801269803,0.7495991525574288,0.7735895551040162,0.6851865022917655,0.7395691609977324,0.7243459666368578,0.7505401240971421,0.7277163712200209,0.7583731083731083,0.7390758172268848,0.7396210738631938,0.02266409689594565,15,0.7546181146840795,0.7556184225323124,0.7555562978448466,0.7526676559843681,0.7507324871305041,0.7515899720154751,0.7587869385445819,0.7477307466915791,0.7473120319991906,0.743413728528815,0.7518026395955753,0.004409261683082976
1.7205594301223754,0.16424506129994612,0.1486666202545166,0.024911942339580453,0.05,1,"{'C': 0.05, 'gamma': 1}",0.5454545454545454,0.5292207792207793,0.5422077922077922,0.551948051948052,0.5487012987012987,0.5324675324675324,0.5551948051948052,0.551948051948052,0.5537459283387622,0.5798045602605864,0.5490693345742206,0.013230600675059545,28,0.5527075812274368,0.551624548736462,0.551624548736462,0.5469314079422383,0.5512635379061371,0.5509025270758122,0.5490974729241878,0.5512635379061371,0.5532298809094189,0.7903284012991699,0.5748973444663463,0.071830524656155,0.5887096774193549,0.565530303030303,0.5712962962962963,0.5895348837209302,0.5739098837209302,0.568900848010437,0.5899532710280374,0.5895348837209302,0.5899532710280374,0.7416044776119403,0.5968927795587197,0.04915646056824833,27,0.5831979131029764,0.5845226115329492,0.584554442447133,0.5816964612122542,0.5844248416176876,0.5843319523562921,0.5823527064261571,0.5828896734038281,0.5834943544040906,0.8722145417306708,0.6123679498234039,0.08662057447181458,0.5454545454545454,0.5292207792207793,0.5422077922077921,0.551948051948052,0.5487012987012987,0.5324675324675325,0.5551948051948052,0.551948051948052,0.5526315789473684,0.5782211209842789,0.5487995557074503,0.012828685608824459,28,0.5527482713176355,0.5516644562887337,0.5516649776042839,0.546967403181276,0.5513037059279834,0.5509413916205823,0.5491360758701799,0.5513037059279834,0.553030303030303,0.7901162742203205,0.5748876564989281,0.07176237001873338,0.4608401331547112,0.43810989382701215,0.45577978928624424,0.4732966834895458,0.46249447635881574,0.4465174761227393,0.47272793741317537,0.46787082044483724,0.4692589272374122,0.5186874678207145,0.46655836051552074,0.020460379508273625,28,0.4713726965385733,0.46948140442737907,0.4697856914759302,0.46239836190657563,0.469594924593061,0.4680973563540459,0.4663080588418662,0.46953972768926155,0.4715063225484561,0.7524885721863956,0.4970573116561544,0.085181389850713
1.8320861339569092,0.08255805271753937,0.173398756980896,0.018274567474147106,0.05,10,"{'C': 0.05, 'gamma': 10}",0.5227272727272727,0.5162337662337663,0.525974025974026,0.5324675324675324,0.538961038961039,0.512987012987013,0.5292207792207793,0.525974025974026,0.5374592833876222,0.5374592833876222,0.5279464021320699,0.008487436073126915,30,0.5270758122743683,0.527797833935018,0.5267148014440434,0.5259927797833935,0.5252707581227437,0.5281588447653429,0.5263537906137185,0.5267148014440434,0.5261638397690365,0.7748105377120174,0.5515053799863725,0.07443936829595162,0.5859375,0.5851769911504425,0.560972850678733,0.5871040723981901,0.5690719830628088,0.5531944444444444,0.5867117117117118,0.5863228699551569,0.5878995433789954,0.7137850467289719,0.5916177013509454,0.04243662591208091,28,0.5775560399422663,0.5778454757583614,0.5803509036144578,0.5769907407407407,0.5798708187718422,0.5806657432512083,0.5773645751447152,0.5775128069245716,0.5772672449501718,0.8690265717421144,0.607445092084045,0.0872037163850722,0.5227272727272727,0.5162337662337663,0.525974025974026,0.5324675324675325,0.538961038961039,0.512987012987013,0.5292207792207793,0.525974025974026,0.5361842105263158,0.5358851674641147,0.5276614832535886,0.008181989891549125,30,0.5270979823002944,0.5278205256528956,0.526737231939544,0.5260136459558424,0.5252921452343418,0.528181276013646,0.5263759602632435,0.526737231939544,0.525974025974026,0.7745737724061423,0.5514803797679522,0.07436896592536345,0.42333181334549325,0.4115732976557755,0.42924091645452445,0.4433208875253513,0.44717514124293783,0.41371481147356115,0.4310881232013689,0.4253921568627451,0.4432859583721653,0.4514525397787981,0.4319575645912721,0.013202450374484613,30,0.4301623950161223,0.4314061154404,0.4295143472217301,0.42788669608454377,0.4274460204938433,0.4312211905995824,0.4293088933328736,0.4299328843494028,0.428266685228216,0.7215347458373599,0.4586679973604074,0.08763114365313067
1.0218571901321412,0.048799556112147285,0.13655245304107666,0.04426084693558398,0.25,0.01,"{'C': 0.25, 'gamma': 0.01}",0.672077922077922,0.737012987012987,0.7012987012987013,0.6201298701298701,0.6818181818181818,0.6915584415584416,0.6785714285714286,0.685064935064935,0.7035830618892508,0.6938110749185668,0.6864926604340285,0.028002258976212877,18,0.7075812274368231,0.7018050541516245,0.7007220216606498,0.707942238267148,0.7072202166064981,0.7010830324909747,0.7050541516245488,0.7007220216606498,0.7019126669072537,0.7037170696499458,0.7037759700456117,0.002803557537851801,0.7400896897220427,0.7923888347938981,0.7336156919807835,0.6696066590219816,0.7392112135255927,0.761238556392251,0.7296628815019071,0.7691095350669819,0.760410477322242,0.7617299367299368,0.7457063476057618,0.03116031629406202,25,0.7646255372192468,0.757131720920635,0.7614143178996736,0.7659924185348614,0.7640175684429451,0.7602712795656938,0.7610443903180804,0.7569689690130255,0.7595578008244599,0.7608575032710478,0.7611881506009669,0.0028432055272875523,0.672077922077922,0.737012987012987,0.7012987012987013,0.6201298701298701,0.6818181818181818,0.6915584415584416,0.6785714285714286,0.685064935064935,0.7029647983595352,0.6930963773069037,0.6863593643198906,0.027947069240037228,18,0.707427808222606,0.7016511106106482,0.7005646890039954,0.7077869946367056,0.7070675791774058,0.7009243967336453,0.7048999491196023,0.7005646890039954,0.7018200168489186,0.7036555689012336,0.7036362802258755,0.002800687892122145,0.6638913994568051,0.7327802854140962,0.696805873043784,0.6070396098384713,0.6776105422159447,0.6857275561651213,0.677580832245904,0.6861592647659445,0.7014732930526207,0.6915451117797159,0.6820613767978407,0.030471468526884177,18,0.7059239439128987,0.7002317657596164,0.6988082503908359,0.705920657495365,0.7057100196627337,0.6987845504189134,0.7032622408590966,0.6978933127577999,0.6996676590602326,0.7014652198189003,0.7017667620136393,0.0030302822878504145
0.8266679048538208,0.0683175225008826,0.11469695568084717,0.012352852720725048,0.25,0.1,"{'C': 0.25, 'gamma': 0.1}",0.801948051948052,0.8116883116883117,0.7857142857142857,0.7532467532467533,0.7694805194805194,0.8181818181818182,0.7824675324675324,0.788961038961039,0.8208469055374593,0.7850162866449512,0.7917551503870722,0.020496224575045314,10,0.8274368231046931,0.8288808664259928,0.827797833935018,0.8353790613718411,0.8317689530685921,0.8252707581227436,0.8306859205776174,0.8303249097472925,0.8278599783471671,0.8296643810898593,0.8295069485790817,0.0026445885339462616,0.8116578540248008,0.8104559371317237,0.7884602444013782,0.7661525974025973,0.7763987419185742,0.829763803448014,0.780779054916986,0.7940051947108399,0.8325194931773879,0.7928152803276374,0.798300820145994,0.021101175593345473,19,0.8324320741876563,0.8348468481045858,0.8333042999897198,0.839267623312696,0.837640731764655,0.8310641668069385,0.8361852767198769,0.8364553700135663,0.8322580033852608,0.8356133696296474,0.8349067763914603,0.0024799354230736893,0.801948051948052,0.8116883116883117,0.7857142857142857,0.7532467532467533,0.7694805194805194,0.8181818181818181,0.7824675324675324,0.788961038961039,0.8209586466165414,0.784988038277512,0.7917634996582366,0.020513037359851535,10,0.8274382970914763,0.8288896395832812,0.8278079098165804,0.8353847100234384,0.8317772064159347,0.8252764015047251,0.8306907848092819,0.8303368115506844,0.8278485724294973,0.8296789113263101,0.829512924455121,0.0026460606036413418,0.797096692162982,0.8074735210107562,0.7850366286143252,0.7532397538530456,0.7680887690829508,0.8172183766743861,0.7752946908268736,0.7885371338897684,0.8181953987374958,0.7838049027467195,0.7893985867599304,0.020001771555988906,10,0.8274176396381199,0.8283076193140726,0.8269969954368994,0.8347967559567385,0.8312372443791217,0.8247516399695975,0.8305040385587016,0.82953334913102,0.8273455278867752,0.8293855854361589,0.8290276395707206,0.00262823886881794
1.3777615070343017,0.08755466426625072,0.13176348209381103,0.017380112798653206,0.25,1,"{'C': 0.25, 'gamma': 1}",0.7175324675324676,0.6818181818181818,0.6883116883116883,0.6461038961038961,0.6558441558441559,0.6688311688311688,0.7012987012987013,0.6590909090909091,0.6742671009771987,0.6807817589576547,0.6773880028766022,0.02048010320015055,23,0.9227436823104693,0.9140794223826715,0.9151624548736462,0.7527075812274369,0.7527075812274369,0.740072202166065,0.9169675090252708,0.9187725631768953,0.9177192349332371,0.9191627571273908,0.8670094988450519,0.0776853753333086,0.8085267096456866,0.7954735609103079,0.8224116161616162,0.7311847286423558,0.7397058823529412,0.8158520186383963,0.8168866513347347,0.7875324675324675,0.7997574794163202,0.7832855093256815,0.7900616623960508,0.029916564788642328,20,0.9351773928020044,0.9305079413604823,0.9310358484493116,0.856368513726304,0.8649034689499437,0.8558003209211207,0.9318221155761985,0.9329014075252311,0.9326427703720396,0.9339376157310959,0.9105097395413733,0.03380592800076558,0.7175324675324675,0.6818181818181818,0.6883116883116883,0.6461038961038961,0.6558441558441559,0.6688311688311688,0.7012987012987013,0.6590909090909091,0.674043062200957,0.6816473000683527,0.6774521531100477,0.020499701827225453,23,0.9226920317960781,0.9140209902493139,0.9151074118559668,0.7527707921494048,0.7527739200427062,0.7401544345185963,0.9169127276063692,0.9187180433567718,0.917742140646765,0.9190871347663255,0.8669979626988298,0.07763148623193988,0.7077077911678594,0.658313598083808,0.6690369725967812,0.6046687388790104,0.6157074549769649,0.636316006521068,0.6781746031746032,0.625073144991429,0.6310759985205707,0.6511888586956521,0.6477263167607746,0.02983765437105213,19,0.9212337991523349,0.9118720204146892,0.9134651602598926,0.7441994254809432,0.7438737690699198,0.7230839629122237,0.9152450747364509,0.9170428825222241,0.9162366232736994,0.917821608247454,0.862407432606983,0.08227620032062516
1.7241767644882202,0.5931741392044979,0.1741251230239868,0.07432057047615696,0.25,10,"{'C': 0.25, 'gamma': 10}",0.5746753246753247,0.5616883116883117,0.5746753246753247,0.5746753246753247,0.5681818181818182,0.577922077922078,0.5551948051948052,0.5844155844155844,0.5830618892508144,0.5960912052117264,0.5750581665891111,0.011060025152813855,27,0.8400722021660649,0.8364620938628159,0.8393501805054152,0.836101083032491,0.8425992779783393,0.8433212996389892,0.5945848375451264,0.8433212996389892,0.8365211115120895,0.8343558282208589,0.8146689214101179,0.07342539751213059,0.7804951690821256,0.8273433385992628,0.8304951690821256,0.7950638792102207,0.7667874396135266,0.7810960591133005,0.5764647467725919,0.8439024390243902,0.7448275862068966,0.7626262626262627,0.7709102089330704,0.07170558974219135,22,0.8987716792219619,0.8971851318508879,0.8983646926035176,0.8947086836694852,0.8982173829460979,0.8979899047103057,0.8394000253880749,0.899243730629991,0.8943257813500036,0.8953992036932408,0.8913606216063567,0.01739892835792033,0.5746753246753247,0.5616883116883117,0.5746753246753247,0.5746753246753247,0.5681818181818181,0.577922077922078,0.5551948051948052,0.5844155844155844,0.5821086807928912,0.5943267259056733,0.5747863978127136,0.010663216304934437,27,0.8399597752921453,0.8363470585291395,0.8392377532550943,0.8359857868528389,0.8424897196573496,0.8432122630099509,0.5942960780388525,0.8432117416944007,0.8365753947401346,0.834184120311288,0.8145499691381195,0.07348183590871886,0.5095907690149613,0.4902702528379773,0.5081928826362785,0.5192174014062512,0.5002594797498239,0.521456185046895,0.4752378892733564,0.5241554847159414,0.5180375808860129,0.5387856543172669,0.5105203579884765,0.017329366496859677,27,0.8244989711279473,0.8191755281054378,0.8232720758647328,0.8186624498595112,0.8275998672165202,0.8280557709586224,0.5356329886172035,0.8287006260326703,0.8202528914521912,0.8164112214329294,0.7942262390667767,0.08629394142047797
1.3654982805252076,0.4698509500808056,0.17051007747650146,0.0364498097159745,0.5,0.01,"{'C': 0.5, 'gamma': 0.01}",0.7694805194805194,0.8051948051948052,0.762987012987013,0.6915584415584416,0.7337662337662337,0.7435064935064936,0.7402597402597403,0.7727272727272727,0.7882736156351792,0.7719869706840391,0.7579741105799738,0.03039666089474532,14,0.7790613718411552,0.7837545126353791,0.7862815884476534,0.7714801444043321,0.7783393501805054,0.7750902527075813,0.7855595667870036,0.7722021660649819,0.773727896066402,0.7755322988090942,0.7781029147944089,0.00518567616511621,0.7996300322756538,0.830834934847497,0.7727704815509694,0.7287124415467843,0.7569041577200859,0.7786742598951126,0.7618567482878925,0.8188462885154061,0.8100886884094126,0.8072320894114946,0.786555012246031,0.03040202229655622,21,0.804500245421987,0.8037781379175508,0.8112485026301217,0.8005232340409048,0.8035806279817672,0.802139102541868,0.808739103593315,0.7980526942500248,0.7996338676754058,0.8027514061996399,0.8034946922252585,0.0038008585800091642,0.7694805194805194,0.8051948051948051,0.762987012987013,0.6915584415584416,0.7337662337662338,0.7435064935064934,0.7402597402597402,0.7727272727272727,0.7881066302118933,0.7713602187286398,0.7578947368421052,0.030351677563930514,14,0.778963770654522,0.7836639516552811,0.7861855549716821,0.7713728949278083,0.7782386207241698,0.7749861330063642,0.7854640542501814,0.7720980448581605,0.7736442667801049,0.7755121403965335,0.7780129432224807,0.0051843681440540326,0.7692866224913737,0.8009321643961678,0.7565273803260537,0.6881243308277316,0.7318548387096774,0.7376144258306042,0.7377044759984971,0.7762134896511795,0.7872484146677695,0.7728563546283782,0.7558362497527432,0.031188907984983652,11,0.7788651661900615,0.7826192675515019,0.7854202614391639,0.771056207636265,0.777684968042349,0.7743980041252342,0.7846626419956274,0.771347150021548,0.7728941283712376,0.7749623928211113,0.77739101881941,0.005086019167859649
1.243202543258667,0.4497968506706684,0.1142195463180542,0.014588360375221009,0.5,0.1,"{'C': 0.5, 'gamma': 0.1}",0.8376623376623377,0.8344155844155844,0.8084415584415584,0.7662337662337663,0.7694805194805194,0.8538961038961039,0.7987012987012987,0.8181818181818182,0.8436482084690554,0.8208469055374593,0.8151508101019502,0.028332111693178095,6,0.895667870036101,0.8902527075812274,0.8967509025270758,0.8949458483754512,0.8992779783393502,0.8992779783393502,0.8953068592057761,0.8967509025270758,0.8949837603753158,0.8975099242150848,0.896072473152181,0.002461939154345604,0.8437013287604697,0.8328103771587458,0.8107142857142857,0.7779503213479243,0.7733950446716404,0.8600639658848614,0.7973792181449382,0.8208511838648824,0.8528893109061313,0.8249099481949166,0.8194664984648796,0.028236137034065,15,0.8959420554296168,0.890734971425646,0.8972527510634467,0.8952206519522398,0.8998107703661447,0.8994850772679014,0.8957912883961558,0.8972228497779353,0.8953374760946556,0.8977923783836521,0.8964590270157393,0.002442371976414951,0.8376623376623377,0.8344155844155844,0.8084415584415584,0.7662337662337662,0.7694805194805194,0.8538961038961039,0.7987012987012987,0.8181818181818182,0.8437286397812713,0.8207023239917977,0.8151443950786057,0.02833734207219776,6,0.895647744997456,0.8902375322173011,0.8967341666041089,0.894927808222606,0.8992635896537631,0.8992583764982609,0.8952869946367057,0.8967362518663098,0.8949596084711691,0.8975124907205831,0.8960564563888264,0.002463236937640798,0.8367972607103042,0.8331425815603031,0.8088583259390713,0.7656805784795714,0.7675202993105413,0.8546365914786967,0.793658810325477,0.8189542456775397,0.8416120396204098,0.821445045119233,0.8142305778221148,0.0288351908112407,6,0.8957870416969367,0.8903928179410439,0.8969188546226996,0.8950671633642786,0.8994275081647921,0.8993602707168682,0.8955120166304179,0.8968941409055529,0.8951094243635901,0.8976372667810475,0.8962106505187226,0.002455752393710748
1.337158465385437,0.08575270501912448,0.11979882717132569,0.00865909018739289,0.5,1,"{'C': 0.5, 'gamma': 1}",0.724025974025974,0.7402597402597403,0.737012987012987,0.6883116883116883,0.7012987012987013,0.698051948051948,0.7337662337662337,0.7045454545454546,0.7100977198697068,0.7198697068403909,0.7157240153982825,0.017015568684876182,17,0.956317689530686,0.9534296028880866,0.9541516245487365,0.9570397111913357,0.9574007220216606,0.9545126353790614,0.9555956678700361,0.9548736462093863,0.9559725730783111,0.9563334536268495,0.9555627326344149,0.0012252227641875507,0.8453271753211703,0.8361757759784075,0.8300589790522677,0.7752976190476191,0.7786676403765012,0.825018916464891,0.8509615384615384,0.8599123767798467,0.8082322591260607,0.8018398268398268,0.8211492107448128,0.027825959786523007,14,0.960295418699708,0.9579608272401442,0.9583072422548597,0.9608036802641418,0.9614957420657966,0.9589919829214539,0.9595129784642805,0.9587035576314304,0.9597442327057638,0.9602800432976961,0.9596095705545273,0.001074598236140141,0.724025974025974,0.7402597402597403,0.737012987012987,0.6883116883116883,0.7012987012987013,0.698051948051948,0.7337662337662337,0.7045454545454546,0.7102272727272727,0.7206510594668489,0.7158151059466847,0.017031913533582074,17,0.956290819007582,0.9534006455971774,0.954124231580879,0.9570133623601832,0.957375155352034,0.9544849819416293,0.9555687969705311,0.9548467749334801,0.9559822002018534,0.9562970747941846,0.9555384042739534,0.001226649486652598,0.6988264081480401,0.7081257581762791,0.7191428528551453,0.6434632053555817,0.6648703214784905,0.6706769483276321,0.7045055524303886,0.6683953197363159,0.6638009082494504,0.6885402483594558,0.683034752311678,0.023036619928968258,17,0.956158805659034,0.9532561955054681,0.9540048319802257,0.9568929060175355,0.9572686679210846,0.9543206104744517,0.9554636777181822,0.9547448450828403,0.955865933653932,0.9562450205266456,0.95542214945394,0.0012394949843060094
1.4650553226470948,0.07539982306785409,0.1322174310684204,0.005148289185480432,0.5,10,"{'C': 0.5, 'gamma': 10}",0.6233766233766234,0.6201298701298701,0.6363636363636364,0.6266233766233766,0.6331168831168831,0.6168831168831169,0.6525974025974026,0.6168831168831169,0.6482084690553745,0.6482084690553745,0.6322390964084775,0.012925207959945275,24,0.9194945848375451,0.9108303249097472,0.9180505415162454,0.9180505415162454,0.9173285198555957,0.9180505415162454,0.9202166064981949,0.9187725631768953,0.9180801154817755,0.9195236376759293,0.9178397976984419,0.0024835058761588135,0.7752085877085877,0.8427964881980425,0.8455067170992565,0.7195767195767195,0.7394649891981192,0.7528508771929825,0.8487137862137862,0.765893470790378,0.7551912568306011,0.6032608695652174,0.7648463762373691,0.0698319917725072,23,0.9365389613231321,0.931437246177087,0.9347851926183139,0.9348262054209959,0.9351814161155946,0.9350945218307001,0.936732667108052,0.9350767345900619,0.9347730419543179,0.9357271030737682,0.9350173090212024,0.0013698549567031687,0.6233766233766234,0.6201298701298701,0.6363636363636364,0.6266233766233766,0.6331168831168831,0.6168831168831168,0.6525974025974026,0.6168831168831168,0.6478981544771019,0.6493506493506493,0.6323222829801777,0.013032691303946374,24,0.9194405867093729,0.910770066478159,0.9179981065819216,0.9179955000041705,0.9172739992826698,0.9179960213197208,0.9201636513775242,0.9187206499345228,0.9181054975852664,0.9194463211804252,0.9177910400453753,0.0024847817044276626,0.5692244330682464,0.5645758623016561,0.5821809193631228,0.5681656906600081,0.5814337085678549,0.5620531269111991,0.6048919020094187,0.5577195738173598,0.5943357076986676,0.5831457160725453,0.5767726640470079,0.014318677225941068,24,0.9181911111585298,0.9090298938664001,0.9167557307447086,0.9164779759138896,0.9157553348488975,0.9163961354749339,0.9191039666478749,0.9174792059724194,0.9168248008964072,0.9182680121170891,0.9164282167641151,0.002649770946277221
0.784097957611084,0.05229166858639897,0.10686290264129639,0.006669104655798182,0.75,0.01,"{'C': 0.75, 'gamma': 0.01}",0.8116883116883117,0.8181818181818182,0.7922077922077922,0.7402597402597403,0.762987012987013,0.7922077922077922,0.775974025974026,0.814935064935065,0.8241042345276873,0.8175895765472313,0.7950135369516477,0.02639991433507535,9,0.8234657039711192,0.8209386281588448,0.8259927797833935,0.8223826714801444,0.828158844765343,0.8216606498194946,0.828158844765343,0.8249097472924187,0.8191988451822447,0.826055575604475,0.824092229082282,0.002903928170317787,0.8212639756757404,0.8316082211410987,0.79386505409786,0.749742314647378,0.7694627594627594,0.8040553154763361,0.7794255050505051,0.8403525641025642,0.8295917535853976,0.8286264422862362,0.8047993905525876,0.0291206461127704,18,0.83315796486422,0.8282476301498007,0.8349778529711793,0.8336468213817643,0.8367469925498279,0.8310991459738263,0.8373832075817225,0.8332586976299978,0.8286507309332117,0.8353838264729505,0.8332552870508501,0.002963442930403537,0.8116883116883117,0.8181818181818181,0.7922077922077921,0.7402597402597403,0.762987012987013,0.7922077922077922,0.775974025974026,0.8149350649350648,0.8242053998632946,0.8169002050580998,0.7949547163362952,0.02635292208108556,9,0.8234017507861439,0.8208822327319437,0.8259353443601998,0.8223148078639408,0.8280988038936016,0.8215964350357414,0.828097239946951,0.8248468374913462,0.819117058278908,0.8260682798255052,0.8240358790214282,0.0029129651602667096,0.8091007093325898,0.811635165834125,0.7854630642849437,0.7349586536270116,0.7569823794480779,0.7856584652849508,0.7685907969224479,0.8162624174144729,0.8223039215686274,0.8156598696273824,0.790661544334463,0.027995941988642317,9,0.8211647024539188,0.8184885596014015,0.8237362199413849,0.8201587453326737,0.8256788985064988,0.8195280008568931,0.8258499005659706,0.8224247428602269,0.8161012544801135,0.8241052516405629,0.8217236276239644,0.0030420929509820263
0.8168673515319824,0.09394548004786761,0.10391333103179931,0.011360919439949851,0.75,0.1,"{'C': 0.75, 'gamma': 0.1}",0.8409090909090909,0.8506493506493507,0.8116883116883117,0.775974025974026,0.7824675324675324,0.8571428571428571,0.8051948051948052,0.8311688311688312,0.8469055374592834,0.8338762214983714,0.8235976564152461,0.027024403823820205,5,0.9332129963898917,0.9292418772563177,0.9317689530685921,0.9364620938628159,0.9364620938628159,0.9328519855595668,0.9350180505415162,0.9335740072202167,0.9310718152291592,0.9346806207145435,0.9334344493705435,0.00220760863579717,0.8430597992143168,0.8490430365430365,0.8130072879775917,0.7841445035460993,0.782504170346384,0.8604561355685794,0.802791507981525,0.833266657288058,0.854439979258491,0.8374262240107311,0.8260139301734813,0.027115772885566304,9,0.9343114962488792,0.9303428345994562,0.9327906481508428,0.9376754743162207,0.9372067687232056,0.9338778679764422,0.9364741410049975,0.9344475118360127,0.9324296162799501,0.9356741703135594,0.9345230529449566,0.002181663628753772,0.8409090909090909,0.8506493506493507,0.8116883116883117,0.775974025974026,0.7824675324675324,0.8571428571428572,0.8051948051948052,0.8311688311688312,0.8469753930280246,0.8336893369788106,0.8235859535201641,0.027023391751506677,5,0.9331840285597511,0.9292121253826456,0.9317410271167497,0.9364333883842555,0.9364365162775568,0.93282171425235,0.9349872590479527,0.9335453002360516,0.9310445495416594,0.9346786402422241,0.9334084549041197,0.002209440549577696,0.8399153520245929,0.8496175796772958,0.8118265180765181,0.7770079009580689,0.7810287871637565,0.8574613691915906,0.8015388410254713,0.8318744604760144,0.8448421745959366,0.8347128378378378,0.8229825821027082,0.027087854748592325,5,0.933105225975281,0.9291191157036838,0.931677579929649,0.9363495783468879,0.9363731202637687,0.9326737568352055,0.934899528974746,0.9334185184007461,0.930947434326499,0.9345387166418951,0.9333102575398364,0.0022119363825297577
1.530188298225403,0.32299168716162946,0.13383495807647705,0.02410903792998996,0.75,1,"{'C': 0.75, 'gamma': 1}",0.737012987012987,0.7662337662337663,0.7532467532467533,0.7045454545454546,0.7305194805194806,0.724025974025974,0.7402597402597403,0.7142857142857143,0.7231270358306189,0.7231270358306189,0.7316383941791109,0.017338411211187274,16,0.9924187725631769,0.992057761732852,0.9913357400722022,0.9927797833935018,0.9931407942238267,0.9931407942238267,0.992057761732852,0.9909747292418772,0.9913388668350775,0.9913388668350775,0.9920583870854272,0.0007566672547072223,0.8504634094074788,0.848859126984127,0.8303625169822353,0.8053767586353325,0.8032879818594104,0.820671533212924,0.8526776986454406,0.8205188679245283,0.8169708217341994,0.7916436281840231,0.82408323435697,0.02019025731508985,11,0.9924472429691221,0.9920868919337393,0.9913655635599159,0.9928125720997547,0.9931673474324854,0.9931631632954269,0.9920900654891369,0.9910219211937021,0.9913705989613167,0.9913743649018613,0.9920899731836462,0.0007521550056185158,0.737012987012987,0.7662337662337662,0.7532467532467533,0.7045454545454546,0.7305194805194806,0.724025974025974,0.7402597402597403,0.7142857142857143,0.7233424470266576,0.7238550922761449,0.7317327409432673,0.017293444150773704,16,0.9924179866376398,0.9920567149613392,0.9913352142398385,0.9927787369983901,0.9931410513057912,0.9931410513057911,0.9920572362768895,0.990973942563538,0.9913362568709391,0.9913404273953407,0.9920578618555498,0.0007568670869963271,0.7146512914853203,0.7369536748572574,0.7390368210058329,0.6610495050822202,0.7079719387755101,0.6953537761050494,0.7100135814555584,0.6782879034511328,0.6780907069043729,0.6918445560357412,0.7013253755157995,0.02409779495781205,16,0.9924186603612346,0.9920565902091538,0.9913377315079338,0.9927801729297361,0.9931430832209002,0.993143089459775,0.9920581676020779,0.9909752974690305,0.9913392382587357,0.9913440000872621,0.9920596031105839,0.0007565617272830316
3.0050983667373656,1.5617450049853263,0.22887187004089354,0.07167666320380672,0.75,10,"{'C': 0.75, 'gamma': 10}",0.672077922077922,0.7077922077922078,0.6883116883116883,0.6655844155844156,0.6948051948051948,0.685064935064935,0.6818181818181818,0.6753246753246753,0.6807817589576547,0.6872964169381107,0.6838857396674987,0.011335476589647942,22,0.9935018050541516,0.9931407942238267,0.9927797833935018,0.9938628158844766,0.9942238267148015,0.9942238267148015,0.9931407942238267,0.9924187725631769,0.9924215084806929,0.9927823890292313,0.9932496316282489,0.0006462644510498864,0.8493121693121692,0.8619956014534328,0.8573731501057082,0.7277150031387319,0.8547619047619048,0.8113261093911249,0.8551096084633003,0.8587570621468926,0.761271676300578,0.8111111111111111,0.8248733396184955,0.044547796398087806,10,0.9935714285714285,0.993213761660738,0.9928617281434685,0.993889624078022,0.9942775276299631,0.9942604400444659,0.9932188710006113,0.992510175010175,0.992495695932634,0.9928456624185975,0.9933144914490104,0.0006309110649939496,0.672077922077922,0.7077922077922078,0.6883116883116883,0.6655844155844155,0.6948051948051948,0.685064935064935,0.6818181818181819,0.6753246753246753,0.6807928913192071,0.6852358168147641,0.6836807928913192,0.011289956894743446,22,0.9935012803509914,0.9931405299902409,0.9927797796294906,0.9938625520272919,0.9942243450191427,0.9942243450191427,0.993140529990241,0.9924185079531901,0.9924190292687403,0.9927849927849928,0.9932495892033464,0.0006465488534591772,0.6163829463082944,0.6469807984922364,0.6338552864657283,0.6049360157883164,0.6355308729331148,0.635901042686669,0.6324878048780488,0.6265070524720996,0.6254176829268293,0.6340240347053119,0.6292023537656648,0.011097157350539308,23,0.9935054780525261,0.9931457669353638,0.9927862878452403,0.9938614222564552,0.9942283881795572,0.9942268672941854,0.9931452253901075,0.9924246982763351,0.9924276116048129,0.9927874340674693,0.9932539179902052,0.000644883703279862
0.8396226406097412,0.19401151220615157,0.1312493085861206,0.03522239427700363,1,0.01,"{'C': 1, 'gamma': 0.01}",0.8116883116883117,0.8311688311688312,0.7857142857142857,0.775974025974026,0.775974025974026,0.801948051948052,0.7727272727272727,0.8116883116883117,0.8338762214983714,0.8175895765472313,0.8018348914928719,0.021850001516293613,8,0.8397111913357401,0.8379061371841156,0.8490974729241877,0.8400722021660649,0.844043321299639,0.8350180505415162,0.8407942238267148,0.8415162454873646,0.8390472753518585,0.841934319740166,0.8409140439857368,0.003572526712748846,0.8200717583070525,0.838334433313026,0.7851476153010378,0.7783968219048263,0.7809772250809988,0.8126161278335192,0.7747354183608927,0.828723618805832,0.8363680528565877,0.8244720341728498,0.8079843105936624,0.024141450810657345,17,0.8456594809828542,0.8427257562531014,0.8541343817212557,0.8475430838019036,0.8494447515788639,0.8409869750340497,0.8475697384879375,0.8465344176563758,0.8450613959989663,0.8475308084853974,0.8467190790000705,0.003423242889856325,0.8116883116883117,0.8311688311688312,0.7857142857142857,0.775974025974026,0.775974025974026,0.801948051948052,0.7727272727272727,0.8116883116883117,0.8340738209159262,0.8170283663704717,0.8017985304169514,0.021839289734007988,8,0.8396610614818707,0.8378630441491713,0.8490562103278866,0.8400192052648701,0.8439984068596785,0.8349681788988147,0.8407427912485715,0.841468462494474,0.8389760528488852,0.8419491154317744,0.8408702529005996,0.003577506024365374,0.8091149676318049,0.8251478249794117,0.779621222868492,0.7718613258086942,0.771075331853775,0.7954827279969552,0.7649397161072959,0.8124849288642392,0.8321333616336745,0.8162157190639723,0.7978077126808316,0.02326404015984599,8,0.8382504554195074,0.83590450184662,0.8474536246864799,0.8384596876710096,0.8420904872464334,0.8333736568116064,0.839239057780501,0.8396896928747049,0.8364878786466399,0.8404465574464616,0.8391395600429965,0.0036310855086343482
0.7922794580459595,0.0561984942742123,0.12069096565246581,0.024416724198038874,1,0.1,"{'C': 1, 'gamma': 0.1}",0.8603896103896104,0.8441558441558441,0.8116883116883117,0.7857142857142857,0.7922077922077922,0.8603896103896104,0.8181818181818182,0.8409090909090909,0.8566775244299675,0.8403908794788274,0.8310704767545157,0.026151706098541217,3,0.9454873646209386,0.9447653429602888,0.948014440433213,0.9476534296028881,0.9505415162454873,0.9454873646209386,0.9472924187725632,0.9465703971119134,0.9462287982677734,0.948394081559004,0.9470435154195007,0.0016235013886112422,0.8612791826647248,0.841815915008686,0.8120798964548964,0.7906238042230493,0.7921711775878442,0.8624442679239481,0.8149379667976354,0.8420279045279045,0.8638980474988409,0.8428715307365255,0.8324149693424057,0.02664814597081376,4,0.94702270262862,0.9457887318426915,0.9491816298301116,0.9489137147950846,0.951569838188182,0.9467935484559762,0.9489489228867342,0.947756121294959,0.9479288091792394,0.9493049642370572,0.9483208983338656,0.0015463953139349853,0.8603896103896104,0.8441558441558441,0.8116883116883117,0.7857142857142856,0.7922077922077921,0.8603896103896103,0.8181818181818181,0.8409090909090909,0.8567156527682843,0.8400974025974026,0.8310449419002051,0.026145134238918878,3,0.9454641376606694,0.9447436795702692,0.9479935607103237,0.9476307250873726,0.9505219411288776,0.9454636163451193,0.947267368148871,0.946547431374021,0.9462028417953273,0.9483960163150915,0.9470231318135944,0.0016264886139695852,0.8601073897300856,0.8422471297903326,0.8117544601599943,0.7866045174255972,0.7918897180331104,0.8613247756548965,0.8155766459422736,0.8413150206607836,0.8549406604747162,0.8409362470128287,0.8306696564884618,0.02603721639912425,3,0.945425018597582,0.9446476992586463,0.9479746863421257,0.9475688023835314,0.9505040898731926,0.945390929570884,0.9472313346015768,0.9464584736480282,0.9461284586779736,0.9482773186002661,0.9469606811553805,0.0016394396040406345
1.3085022449493409,0.06820569495609079,0.1316279649734497,0.0391782149719331,1,1,"{'C': 1, 'gamma': 1}",0.7694805194805194,0.7824675324675324,0.7662337662337663,0.7305194805194806,0.7532467532467533,0.7532467532467533,0.7727272727272727,0.7564935064935064,0.745928338762215,0.7654723127035831,0.7595816235881382,0.01412207581909031,13,0.9942238267148015,0.9945848375451264,0.9938628158844766,0.9945848375451264,0.9953068592057762,0.9945848375451264,0.9945848375451264,0.9935018050541516,0.9942259112233851,0.9938650306748467,0.9943325598937944,0.000485430597957968,0.8473884456264775,0.8327922077922079,0.8206196581196581,0.8035321821036107,0.8019454229980545,0.8248427232240182,0.8483382936507936,0.8329795204795205,0.8279136039203153,0.8257834757834758,0.8266135533698131,0.014713836793100466,8,0.9942667480637364,0.9946274409044193,0.9939105858170607,0.9946325134534033,0.9953318313587347,0.994610326011445,0.9946325134534033,0.9935590471987603,0.9942804730574515,0.9939057109251185,0.9943757190243533,0.0004784974133570158,0.7694805194805194,0.7824675324675324,0.7662337662337663,0.7305194805194806,0.7532467532467533,0.7532467532467533,0.7727272727272727,0.7564935064935066,0.7461124401913876,0.7659774436090225,0.7596505468215995,0.014126201756319663,13,0.9942217384413916,0.9945830101176922,0.9938609880806413,0.9945830101176922,0.9953060747858435,0.9945840527487926,0.9945830101176922,0.9934997164043406,0.9942222597569419,0.9938662012361434,0.9943310061807171,0.0004854974634144988,0.7556271331087329,0.7674582271609475,0.7608796509551946,0.7086563081496497,0.7428266569111639,0.7409496205548838,0.7580538313208183,0.7444110026226815,0.7165134217730613,0.7533784226375215,0.7448754275194656,0.018065828303548425,14,0.9942236583250655,0.9945833651561393,0.99386393920629,0.9945841322081836,0.9953088827941536,0.9945860666556944,0.9945841322081836,0.9935026093445828,0.9942246077688955,0.9938671228792395,0.9943328516546428,0.0004853369820607621
1.9541720151901245,0.7295786149445685,0.16826517581939698,0.046508745670553804,1,10,"{'C': 1, 'gamma': 10}",0.672077922077922,0.7077922077922078,0.6883116883116883,0.6818181818181818,0.6948051948051948,0.685064935064935,0.6818181818181818,0.6753246753246753,0.6807817589576547,0.6872964169381107,0.6855091162908752,0.00963282466775736,19,0.9953068592057762,0.9949458483754513,0.9949458483754513,0.9953068592057762,0.9963898916967509,0.9956678700361011,0.9953068592057762,0.9945848375451264,0.9945867917719234,0.9949476723204619,0.9951989337738594,0.000511497258362441,0.8493121693121692,0.8619956014534328,0.8573731501057082,0.8551969599657461,0.8547619047619048,0.8113261093911249,0.8551096084633003,0.8587570621468926,0.761271676300578,0.8111111111111111,0.8376215353011969,0.03114430334918352,2,0.995344295991778,0.9949891468342877,0.9949891468342877,0.9953493773818383,0.996420313790256,0.9956930421538059,0.9953493773818383,0.9946375937009942,0.9946231146234532,0.994988399432926,0.9952383808125465,0.0005065337579921729,0.672077922077922,0.7077922077922078,0.6883116883116883,0.6818181818181819,0.6948051948051948,0.685064935064935,0.6818181818181819,0.6753246753246753,0.6807928913192071,0.6852358168147641,0.6853041695146957,0.009613886823831184,19,0.9953050321547432,0.9949442817939927,0.9949442817939927,0.9953050321547432,0.9963888471836448,0.9956673464621442,0.9953050321547432,0.9945830101176922,0.9945835314332424,0.9949494949494949,0.9951975890198433,0.0005117669259381447,0.6163829463082944,0.6469807984922364,0.6338552864657283,0.6371451809649203,0.6355308729331148,0.635901042686669,0.6324878048780488,0.6265070524720996,0.6254176829268293,0.6340240347053119,0.6324232702833252,0.007758603776293993,20,0.9953027911059886,0.9949430697530508,0.9949430697530508,0.9953035600198136,0.9963898125931332,0.9956667528757329,0.9953035600198136,0.9945814801841456,0.9945843935126234,0.9949472894955169,0.995196577931287,0.0005121364591292067
0.6261005163192749,0.08269405875328567,0.10914115905761719,0.03366720109098114,10,0.01,"{'C': 10, 'gamma': 0.01}",0.8668831168831169,0.8311688311688312,0.8311688311688312,0.814935064935065,0.8051948051948052,0.8441558441558441,0.8344155844155844,0.8409090909090909,0.8501628664495114,0.8534201954397395,0.837241423072042,0.01724791243084917,1,0.9346570397111913,0.9332129963898917,0.9353790613718411,0.9375451263537906,0.9415162454873646,0.9364620938628159,0.9375451263537906,0.9371841155234657,0.9335979790689282,0.9372067845543125,0.9364306568677392,0.0022835790300037642,0.8672736496408833,0.8329670619965079,0.8292870075958311,0.8137937797998638,0.8066502463054187,0.8514901815850409,0.8327920140688053,0.849866862578727,0.8499012838737336,0.8584834834834835,0.8392505570928295,0.01849985590517948,1,0.9361690480189302,0.9349144641393625,0.9367290040924589,0.9391501733553348,0.9426016599694602,0.9380637314813962,0.939416136674959,0.9385267462422635,0.9358049617544829,0.9387013805920615,0.9380077306320709,0.002111469083794723,0.8668831168831168,0.8311688311688311,0.8311688311688312,0.8149350649350648,0.8051948051948051,0.8441558441558441,0.8344155844155845,0.8409090909090908,0.8503503075871497,0.852998974709501,0.8372180451127818,0.017223026097313226,1,0.9346374563137569,0.9331928909241048,0.9353594783508078,0.9375260657775109,0.9414979689546163,0.9364412081175086,0.9375234591997598,0.9371653154167605,0.9335645889114097,0.9372158830251316,0.9364124314991367,0.0022865989563203007,0.8654616619390022,0.827042242626318,0.8294210881251787,0.8139655978622488,0.802299778732928,0.8420580945166606,0.8314124566431266,0.8405134205580966,0.8483183483183483,0.8535045383535699,0.8353997227675478,0.017735267358887495,1,0.9344548418112846,0.9329942446686876,0.9352012198634869,0.9373842999948263,0.9412761975858125,0.9362437212136081,0.9374107528956961,0.9369738748790797,0.9332784886463781,0.9369539973320093,0.9362171638890869,0.0022947301701830855
0.8300056457519531,0.11704039136223303,0.09761629104614258,0.01040958918095667,10,0.1,"{'C': 10, 'gamma': 0.1}",0.8603896103896104,0.8474025974025974,0.8181818181818182,0.7922077922077922,0.8084415584415584,0.8571428571428571,0.8116883116883117,0.8246753246753247,0.8631921824104235,0.8403908794788274,0.832371293201912,0.023479632524266925,2,0.9913357400722022,0.9891696750902527,0.9909747292418772,0.9909747292418772,0.9931407942238267,0.9916967509025271,0.9913357400722022,0.9909747292418772,0.9920606279321544,0.9913388668350775,0.9913002382853874,0.0009478523984384068,0.8601481525502445,0.846225505524286,0.8194444444444444,0.7986199627414452,0.8085797648297648,0.8581606286941239,0.8073222483185651,0.8270097910080787,0.8715705800551535,0.8397435897435898,0.8336824667909696,0.02393912890652084,3,0.9914304660892027,0.9893130528688182,0.9910431082223137,0.9910823601769602,0.9932162151904058,0.9917819796857607,0.9914374653602319,0.9910991891727123,0.9921815303451528,0.9914344216586813,0.991401978877024,0.0009345007001476113,0.8603896103896105,0.8474025974025974,0.8181818181818181,0.7922077922077921,0.8084415584415584,0.8571428571428572,0.8116883116883117,0.8246753246753247,0.8632518796992481,0.8400546821599453,0.8323436431989064,0.023476217544917976,2,0.9913320863465372,0.9891634136576333,0.9909713359857868,0.9909708146702366,0.9931384447280401,0.991693879338388,0.9913320863465372,0.9909708146702366,0.9920546296991384,0.9913409487108908,0.9912968454153426,0.0009485710031161136,0.8597726255954105,0.8463604876307655,0.816304347826087,0.7917842417795088,0.8083811620108916,0.8573126035634363,0.8080517488744867,0.8256146839257585,0.8613315093479252,0.8398820422339848,0.8314795452788255,0.023608953266846786,2,0.9913272111913847,0.9891626911605313,0.9909679410215552,0.9909650187781862,0.9931430423624429,0.9916933486250559,0.9913284801436207,0.9909675745166826,0.9920540177247729,0.9913362257494132,0.9912945551273644,0.0009499320916405012
1.2776820182800293,0.1232691996123575,0.1139913558959961,0.010472443889717955,10,1,"{'C': 10, 'gamma': 1}",0.7792207792207793,0.7954545454545454,0.7727272727272727,0.7207792207792207,0.7564935064935064,0.7727272727272727,0.7727272727272727,0.762987012987013,0.749185667752443,0.7687296416938111,0.7651032192563137,0.01898585996137401,11,0.9953068592057762,0.9949458483754513,0.9949458483754513,0.9953068592057762,0.9963898916967509,0.9956678700361011,0.9953068592057762,0.9945848375451264,0.9945867917719234,0.9949476723204619,0.9951989337738594,0.000511497258362441,0.8410426719784536,0.8535376796202778,0.8146999196057185,0.7738689531068064,0.7954058030648761,0.841752456880682,0.8277421439656112,0.8408515048370477,0.822869101978691,0.8229946309508177,0.8234764865988982,0.022787813098910727,12,0.995344295991778,0.9949891468342877,0.9949891468342877,0.9953493773818383,0.9964166372833545,0.9956930421538059,0.9953493773818383,0.9946375937009942,0.9946426594955338,0.994988399432926,0.9952399676490646,0.0005033282677002288,0.7792207792207793,0.7954545454545454,0.7727272727272727,0.7207792207792207,0.7564935064935066,0.7727272727272727,0.7727272727272727,0.762987012987013,0.7493591934381408,0.7692241968557758,0.76517002734108,0.018981363415972376,11,0.9953050321547432,0.9949442817939927,0.9949442817939927,0.9953050321547432,0.9963893684991951,0.9956673464621442,0.9953050321547432,0.9945830101176922,0.9945830101176922,0.9949494949494949,0.9951975890198433,0.0005119508459539029,0.7693659038538964,0.7808641418076001,0.7707220450994469,0.7024635844197651,0.749712048737536,0.7641976489998398,0.7572388583244101,0.7527470253102633,0.7243205892867842,0.7562321937321937,0.7527864039571736,0.022133645689390444,12,0.9953027911059886,0.9949430697530508,0.9949430697530508,0.9953035600198136,0.996390350609075,0.9956667528757329,0.9953035600198136,0.9945814801841456,0.9945840495255309,0.9949472894955169,0.9951965973341718,0.0005123029433191653
1.561031746864319,0.6022394941464788,0.14132356643676758,0.059028903769843974,10,10,"{'C': 10, 'gamma': 10}",0.672077922077922,0.7077922077922078,0.6883116883116883,0.6818181818181818,0.6915584415584416,0.685064935064935,0.6818181818181818,0.672077922077922,0.6807817589576547,0.6872964169381107,0.6848597656415245,0.009749604857530923,20,0.9953068592057762,0.9949458483754513,0.9949458483754513,0.9953068592057762,0.9963898916967509,0.9956678700361011,0.9953068592057762,0.9945848375451264,0.9945867917719234,0.9949476723204619,0.9951989337738594,0.000511497258362441,0.8493121693121692,0.8619956014534328,0.8573731501057082,0.8551969599657461,0.791442115768463,0.8113261093911249,0.8551096084633003,0.8162878787878788,0.761271676300578,0.8111111111111111,0.8270426380659514,0.03229195963739976,6,0.9953270514588527,0.9949734391069237,0.9949734391069237,0.9953409874671149,0.9964166372833545,0.995690423551876,0.9953368111999469,0.9946229361419966,0.9946121765761241,0.994988399432926,0.995228230132604,0.0005092604961633603,0.672077922077922,0.7077922077922078,0.6883116883116883,0.6818181818181819,0.6915584415584415,0.685064935064935,0.6818181818181819,0.672077922077922,0.6807928913192071,0.6852358168147641,0.6846548188653452,0.009717208396205247,20,0.9953065961013938,0.9949458457406435,0.9949458457406435,0.9953055534702934,0.9963893684991951,0.9956678677776944,0.9953065961013938,0.994585095379893,0.994585095379893,0.9949494949494949,0.9951987359140538,0.0005114201440097727,0.6163829463082944,0.6469807984922364,0.6338552864657283,0.6371451809649203,0.6338858752254708,0.635901042686669,0.6324878048780488,0.6247625548306532,0.6254176829268293,0.6340240347053119,0.6320843207484163,0.0078547909249568,21,0.9953044461850117,0.9949439326815496,0.9949439326815496,0.9953043826768442,0.996390350609075,0.9956667650255914,0.9953059891623606,0.9945836719547448,0.9945860349049459,0.9949472894955169,0.995197679537719,0.0005118208384836243
0.6557491779327392,0.27530791733320936,0.1085512638092041,0.043542950956848146,100,0.01,"{'C': 100, 'gamma': 0.01}",0.8538961038961039,0.8538961038961039,0.8214285714285714,0.8051948051948052,0.7954545454545454,0.827922077922078,0.8246753246753247,0.8246753246753247,0.8469055374592834,0.8403908794788274,0.8294439274080968,0.01864376724351074,4,0.9815884476534296,0.9805054151624548,0.9830324909747292,0.9819494584837545,0.9844765342960289,0.9823104693140794,0.9826714801444043,0.9819494584837545,0.980873330927463,0.9805124503789245,0.9819869535819021,0.0011677024259569076,0.853045520135268,0.8537980933659677,0.8192049808429119,0.8027958727958728,0.792400357761753,0.8307776517785388,0.8223669541747345,0.8271240584648494,0.8472079436606961,0.8418767507002801,0.8290598183680873,0.019655140818457807,5,0.9818774139123301,0.9807467361704035,0.9831661607404435,0.9822225144934098,0.9845630212005628,0.9824744734596829,0.9828428728117868,0.9822023249513058,0.9812104936719898,0.9807637444640019,0.9822069755875915,0.0011074282325598914,0.8538961038961039,0.8538961038961039,0.8214285714285714,0.8051948051948052,0.7954545454545454,0.827922077922078,0.8246753246753247,0.8246753246753247,0.8471462747778538,0.8399692412850308,0.8294258373205741,0.018642180792971405,4,0.9815793150330723,0.980496542635271,0.9830264870004755,0.9819405867093729,0.9844705310745774,0.9823039436478742,0.9826646940086247,0.9819416293404732,0.9808625061515235,0.9805132247328779,0.9819799460334142,0.0011677357370238096,0.8524119587429627,0.8516064120237943,0.8191193321329187,0.8037536074006634,0.7919837243711688,0.8238575146466661,0.8224636578907761,0.8236998874962209,0.8449767933336008,0.8401053210143572,0.8273978209053128,0.01901199277522881,4,0.9815732502765969,0.9804904218314209,0.9830101985377527,0.9819297310076753,0.9844517517274748,0.9822763813827609,0.9826274190511513,0.9819081245622014,0.9808558911345948,0.9805041919229533,0.9819627361434582,0.0011622603109191633
0.778052830696106,0.08961410117878461,0.09156610965728759,0.005884478982960612,100,0.1,"{'C': 100, 'gamma': 0.1}",0.8344155844155844,0.8474025974025974,0.801948051948052,0.7727272727272727,0.7987012987012987,0.8246753246753247,0.7922077922077922,0.8311688311688312,0.8175895765472313,0.8208469055374593,0.8141683235331444,0.021350364910857924,7,0.9949458483754513,0.9945848375451264,0.9945848375451264,0.9949458483754513,0.996028880866426,0.9953068592057762,0.9949458483754513,0.9942238267148015,0.9945867917719234,0.9945867917719234,0.9948740370547456,0.0004786998793659025,0.8339451058201058,0.8470116349469583,0.8003116032998565,0.7750409872385678,0.7993530701754386,0.8259477560804817,0.7864262954888479,0.8334332672232216,0.820912420912421,0.8190343745542719,0.8141416515740172,0.021819533656870706,16,0.9949891468342877,0.9946349946349946,0.9946349946349946,0.994995744995745,0.9960635538506497,0.9953389115634204,0.994995744995745,0.9942844416528627,0.9946426594955338,0.9946362734312257,0.994921646608946,0.00047151247465696233,0.8344155844155844,0.8474025974025974,0.801948051948052,0.7727272727272727,0.7987012987012987,0.8246753246753247,0.7922077922077922,0.8311688311688312,0.8178400546821599,0.8205741626794258,0.8141660970608339,0.02134616762728164,7,0.9949442817939927,0.9945835314332424,0.9945835314332424,0.9949442817939927,0.9960286181384448,0.9953065961013938,0.9949442817939927,0.9942222597569419,0.9945830101176922,0.9945887445887446,0.9948729136951681,0.0004790244571951757,0.8335565621878842,0.8457517592434148,0.7990395051816168,0.7708417672738875,0.7989282678095263,0.8246969261771894,0.7874084055520327,0.8320291522823169,0.8128787878787879,0.8193989945104626,0.8124530128097118,0.022039287487924508,7,0.9949430697530508,0.99458334281469,0.99458334281469,0.9949440931754403,0.996030362012932,0.9953065041905059,0.9949440931754403,0.9942220087028959,0.9945840495255309,0.9945875522750665,0.9948728418440241,0.00047947843859620523
1.2551619052886962,0.06064496456150192,0.112739896774292,0.007982032229163152,100,1,"{'C': 100, 'gamma': 1}",0.7792207792207793,0.7954545454545454,0.7727272727272727,0.7207792207792207,0.7564935064935064,0.7727272727272727,0.7727272727272727,0.762987012987013,0.745928338762215,0.7687296416938111,0.7647774863572909,0.01928179286684353,12,0.9953068592057762,0.9949458483754513,0.9949458483754513,0.9953068592057762,0.9963898916967509,0.9956678700361011,0.9953068592057762,0.9945848375451264,0.9945867917719234,0.9949476723204619,0.9951989337738594,0.000511497258362441,0.8410426719784536,0.8535376796202778,0.8146999196057185,0.7738689531068064,0.7954058030648761,0.841752456880682,0.8277421439656112,0.8408515048370477,0.8196145124716553,0.8229946309508177,0.8231510276481947,0.022817385807987672,13,0.995344295991778,0.9949891468342877,0.9949891468342877,0.9953493773818383,0.9964166372833545,0.9956930421538059,0.9953493773818383,0.9946375937009942,0.9946269287042475,0.994988399432926,0.995238394569936,0.0005052136599964126,0.7792207792207793,0.7954545454545454,0.7727272727272727,0.7207792207792207,0.7564935064935066,0.7727272727272727,0.7727272727272727,0.762987012987013,0.7461124401913876,0.7692241968557758,0.7648453520164046,0.019274533949980233,12,0.9953050321547432,0.9949442817939927,0.9949442817939927,0.9953050321547432,0.9963893684991951,0.9956673464621442,0.9953050321547432,0.9945830101176922,0.9945840527487927,0.9949494949494949,0.9951976932829535,0.0005118257620466837,0.7693659038538964,0.7808641418076001,0.7707220450994469,0.7024635844197651,0.749712048737536,0.7641976489998398,0.7572388583244101,0.7527470253102633,0.7193094015214927,0.7562321937321937,0.7522852851806443,0.02281858585009696,13,0.9953027911059886,0.9949430697530508,0.9949430697530508,0.9953035600198136,0.996390350609075,0.9956667528757329,0.9953035600198136,0.9945814801841456,0.9945851758723689,0.9949472894955169,0.9951967099688556,0.0005121683626066218
2.0865642070770263,1.1786335933232666,0.20548157691955565,0.09593155613938678,100,10,"{'C': 100, 'gamma': 10}",0.672077922077922,0.7077922077922078,0.6883116883116883,0.6818181818181818,0.6915584415584416,0.685064935064935,0.6818181818181818,0.672077922077922,0.6807817589576547,0.6872964169381107,0.6848597656415245,0.009749604857530923,20,0.9953068592057762,0.9949458483754513,0.9949458483754513,0.9953068592057762,0.9963898916967509,0.9956678700361011,0.9953068592057762,0.9945848375451264,0.9945867917719234,0.9949476723204619,0.9951989337738594,0.000511497258362441,0.8493121693121692,0.8619956014534328,0.8573731501057082,0.8551969599657461,0.791442115768463,0.8113261093911249,0.8551096084633003,0.8162878787878788,0.761271676300578,0.8111111111111111,0.8270426380659514,0.03229195963739976,6,0.9953270514588527,0.9949734391069237,0.9949734391069237,0.9953409874671149,0.9964166372833545,0.995690423551876,0.9953368111999469,0.9946229361419966,0.9946121765761241,0.994988399432926,0.995228230132604,0.0005092604961633603,0.672077922077922,0.7077922077922078,0.6883116883116883,0.6818181818181819,0.6915584415584415,0.685064935064935,0.6818181818181819,0.672077922077922,0.6807928913192071,0.6852358168147641,0.6846548188653452,0.009717208396205247,20,0.9953065961013938,0.9949458457406435,0.9949458457406435,0.9953055534702934,0.9963893684991951,0.9956678677776944,0.9953065961013938,0.994585095379893,0.994585095379893,0.9949494949494949,0.9951987359140538,0.0005114201440097727,0.6163829463082944,0.6469807984922364,0.6338552864657283,0.6371451809649203,0.6338858752254708,0.635901042686669,0.6324878048780488,0.6247625548306532,0.6254176829268293,0.6340240347053119,0.6320843207484163,0.0078547909249568,21,0.9953044461850117,0.9949439326815496,0.9949439326815496,0.9953043826768442,0.996390350609075,0.9956667650255914,0.9953059891623606,0.9945836719547448,0.9945860349049459,0.9949472894955169,0.995197679537719,0.0005118208384836243
